serial,ASIC test result,baseline_channel_0,baseline_channel_1,baseline_channel_2,baseline_channel_3,baseline_channel_4,baseline_channel_5,baseline_channel_6,baseline_channel_7,s-curve_halfmax_channel_0,s-curve_halfmax_channel_1,s-curve_halfmax_channel_2,s-curve_halfmax_channel_3,s-curve_halfmax_channel_4,s-curve_halfmax_channel_5,s-curve_halfmax_channel_6,s-curve_halfmax_channel_7,s-curve_sigma_channel_0,s-curve_sigma_channel_1,s-curve_sigma_channel_2,s-curve_sigma_channel_3,s-curve_sigma_channel_4,s-curve_sigma_channel_5,s-curve_sigma_channel_6,s-curve_sigma_channel_7,s-curve_chi2ndf_channel_0,s-curve_chi2ndf_channel_1,s-curve_chi2ndf_channel_2,s-curve_chi2ndf_channel_3,s-curve_chi2ndf_channel_4,s-curve_chi2ndf_channel_5,s-curve_chi2ndf_channel_6,s-curve_chi2ndf_channel_7,Test_passed_channel_0,Test_passed_channel_1,Test_passed_channel_2,Test_passed_channel_3,Test_passed_channel_4,Test_passed_channel_5,Test_passed_channel_6,Test_passed_channel_7
07208,all channels OK,0.0,3.167746776804812,3.0,3.0,2.0,9.0,1.9958762886597938,1.0087530492179653,27.220629149836526,13.839426437174213,12.552590970337453,12.882631976993652,12.443016434832899,12.842447074012277,12.750281586450042,28.689647349237553,0.3973201756457696,0.23841310134297475,0.20491567160801225,0.21880820132710713,0.2189709160268685,0.18420776813017206,0.18074468835808005,0.3622143451616216,76.32002517521754,36.17474256578779,0.002688229931186157,34.70393039501199,0.556851531016525,32.22537065446185,9.445067510224076,178.12242544115068,OK,OK,OK,OK,OK,OK,OK,OK
07207,channel 2 s-curve failed ,3.0816326530612246,7.078770838310398,nan,6.065269943593876,-1.0,9.9553264604811,-1.0,2.880348903356299,25.600479607791677,12.499525182456937,19.261848195502537,12.419078555109442,11.55438001837947,11.824771590282497,12.11349784430472,26.694527341740347,0.3319889321662233,0.2583456722092327,0.4264170086684308,0.26529130836134124,0.21334316626489078,0.19230601166549757,0.27344926381761114,0.3049254018544866,79.60153149546817,19.204191295056795,321.5831106286305,5.4805463167693995,0.8647429534319283,27.61887270870712,40.89395856564513,194.91744717703605,OK,OK,s-curve fit failed,OK,OK,OK,OK,OK
07207,channel 2 s-curve failed ,3.0357142857142856,7.086717202372671,nan,6.081264108352144,-1.0,9.912162162162161,-1.0,2.808499916008735,25.66260080577161,12.525014120206079,19.30000921692476,12.420881156588022,11.604393445659333,11.840997173979057,12.196777623498917,26.724849250044965,0.3148851928897833,0.24384777535509453,0.4357166842225319,0.2611974588386967,0.20467457691865015,0.2066894872481066,0.27346853600197707,0.31498414694965515,89.60848235641242,20.049005975269832,409.49784684360105,5.209920865968558,0.24288412846578816,27.733438244615197,12.470872478013813,192.83717715786943,OK,OK,s-curve fit failed,OK,OK,OK,OK,OK
07206,channel 0 s-curve  out of range channel 1 s-curve  out of range channel 2 s-curve  out of range channel 3 s-curve  out of range channel 4 s-curve  out of range channel 5 s-curve  out of range channel 6 s-curve  out of range channel 7 s-curve  out of range ,nan,nan,nan,nan,nan,nan,nan,nan,20.0,20.0,20.0,20.0,20.0,20.0,20.0,20.0,1.0,1.0,1.0,1.0,1.0,1.0,1.0,1.0,0.0,0.0,0.0,0.0,0.0,0.0,0.0,0.0,s-curve fit out of range,s-curve fit out of range,s-curve fit out of range,s-curve fit out of range,s-curve fit out of range,s-curve fit out of range,s-curve fit out of range,s-curve fit out of range
07206,channel 0 s-curve  out of range channel 1 s-curve  out of range channel 2 s-curve  out of range channel 3 s-curve  out of range channel 4 s-curve  out of range channel 5 s-curve  out of range channel 6 s-curve  out of range channel 7 s-curve  out of range ,-13.0,-13.0,-13.0,-13.0,-13.0,-13.0,-13.0,-13.0,293.54050158315937,288.52138898165384,293.54050158315937,293.54050158315937,91.18243115754353,293.8235825971028,293.54050158315937,293.54050158315937,5.62531061186958,2.617293472277968,5.62531061186958,5.62531061186958,6.211572084165226,7.359051664927172,5.62531061186958,5.62531061186958,0.38803208164487574,0.8474995365830833,0.38803208164487574,0.38803208164487574,0.45274743488800917,0.43082647747173086,0.38803208164487574,0.38803208164487574,s-curve fit out of range,s-curve fit out of range,s-curve fit out of range,s-curve fit out of range,s-curve fit out of range,s-curve fit out of range,s-curve fit out of range,s-curve fit out of range
07211,channel 1 s-curve failed ,2.9910512129380056,1.1247180955790228,6.085714285714285,9.0,4.998122653316646,2.466666666666667,5.005376344086022,1.7256847955537913,27.47212594623893,16.14077102291879,12.287217735806966,12.52716641358004,11.869960805453832,12.185596507514772,13.174518799715843,29.16210106369516,0.3979898431737136,0.4264069962999166,0.28049877937214396,0.23655561718990112,0.2319605379769237,0.3092236172429871,0.30279950581396137,0.4588394055837705,112.81347175186718,291058.32222632127,9.418492614532568,2.9437317341072635,21.148413833124987,11.791462102483786,2.228332997037569,118.53295737387752,OK,s-curve fit failed,OK,OK,OK,OK,OK,OK
07212,all channels OK,7.977200424178155,8.99845868406994,5.982862583306887,0.9175257731958762,7.277777777777778,8.990344827586206,3.2,3.0015704750687084,28.56458025370517,11.739728456719911,12.483216758408542,12.26095606468994,12.036834369297798,11.992650418188559,13.306350996145998,28.015411497631753,0.372256983556808,0.20630369506612325,0.26250323434759915,0.30480526935175467,0.2910126599090863,0.29072425854280715,0.331302275109498,0.41237572751717944,145.12849496529637,26.918154937562168,2.4577022394632406,3.3907946608249184,62.211825461111864,20.39384709489067,15.898127809893447,125.08278733411737,OK,OK,OK,OK,OK,OK,OK,OK
07213,channel 2 s-curve failed ,8.20125786163522,12.125910815339406,11.748339415255717,7.731543624161074,5.996739130434783,3.404255319148936,4.995352439969016,0.75625,29.311606035560175,13.67477992890078,6.40474444660895,13.03643234987173,12.434409419333077,12.906797311247349,13.296682885755297,29.69496484748937,0.41314613104256487,0.2176189304877545,5.845700190888348,0.2851233105301509,0.2579986844751151,0.23998166544084035,0.29209223349554575,0.375978845499632,108.80328371673706,18.196200681932034,9454418.525828326,7.9669996785450135,1.4960180211881073,23.855883270302535,0.6246541629230742,147.80766835043806,OK,OK,s-curve fit failed,OK,OK,OK,OK,OK
07214,all channels OK,2.939693757361602,8.207547816472516,5.0010460251046025,4.615384615384615,4.9156626506024095,3.048,10.0,7.191283292978208,28.296089780603317,13.158726145042134,12.418442402801169,11.957352010936791,11.729424818946155,12.2097495432543,12.968005133697146,27.817266536864718,0.37982196290295495,0.3394174208922363,0.28973769654733317,0.27849984442729675,0.18251051828003428,0.30280551298343433,0.28637134745520376,0.34123548426938677,110.24629270678855,6.194613469923985,1.1688908838270993,35.881568303303254,6.590262104297841,8.071312926356546,15.367881441118886,165.28645674287884,OK,OK,OK,OK,OK,OK,OK,OK
07215,channel 1 s-curve failed ,6.34375,4.386581469648562,0.034013605442176874,-2.99290780141844,6.968722544368301,0.9975247524752475,1.8598130841121496,10.00683816346467,28.70822970695136,28.569183183622773,13.27229769507964,13.785675416893364,12.807572683760776,12.43508486919276,13.480811100629422,29.26668730537018,0.32676033798682275,0.4851714134450534,0.3053564553346446,0.21789102593063606,0.20951273939066142,0.268070862595373,0.27230760927348224,0.4479673258963906,155.4290353033857,306.4469814918144,0.9522316758899642,32.91073172304264,32.51793148326818,2.9062904559109577,15.789580586274397,103.94703035918099,OK,s-curve fit failed,OK,OK,OK,OK,OK,OK
06461,all channels OK,2.9842247966477693,1.3942534506117228,8.0,5.034965034965035,0.0031887755102040817,3.0114876507754165,6.005822416302766,0.4423076923076923,29.4525240798248,12.715412620614249,12.844867738085219,13.018108409161085,13.029917963593888,13.295796648268563,13.902894696852272,30.310865301153267,0.4823204406434871,0.18138008552772597,0.21370594325904294,0.3203974048135868,0.3225936574489794,0.3361008674486443,0.2808046968507244,0.41004167772511974,117.90481837177452,34.96504096157732,40.981573571539,12.587861779489213,16.50790874682292,5.674682207498468,27.2313436288179,118.47072960077175,OK,OK,OK,OK,OK,OK,OK,OK
06462,all channels OK,4.9869281045751634,7.387363774944225,7.163577463471118,4.942622950819672,4.992452830188679,3.982832618025751,6.943204868154158,5.321799307958478,27.17689956126421,12.89954034496567,13.885621479303785,12.259197172304297,11.771373712724667,12.26227082464042,12.725614522557226,27.541378726505595,0.42002851178558115,0.26476696083697576,0.23366855153678778,0.29533847890653553,0.19843225680000615,0.2994931246426988,0.21224132888819805,0.4259087364103999,123.84639845101947,36.071334353457154,29.127218089180346,3.1758912313045284,19.387468600913493,1.0637270142726598,28.670144437375814,138.46357496846252,OK,OK,OK,OK,OK,OK,OK,OK
07209,channel 7 failed ,8.92962356792144,3.6230045423801767,-2.06993006993007,6.875,3.0,7.8320610687022905,7.92,15.994900127496813,28.873894850229078,12.723328459892366,13.290986636381115,12.451470796009325,12.228319262102389,12.631948059743104,12.830470133374135,28.43835741811447,0.44675395455811906,0.19018673727792873,0.3402716472257987,0.24977243676883715,0.28214719830351176,0.2080009106157522,0.18516971749879413,0.4152790000980436,182.4860666110093,34.37714795407825,9.16234431509845,2.0736738897915252,6.670403418975647,13.046169665526547,44.536032179065295,152.68191256616083,OK,OK,OK,OK,OK,OK,OK,no baseline
15254,all channels OK,3.959658421672556,6.119588266339054,5.995185694635488,10.0026525198939,3.981194690265487,4.036842105263158,4.192139737991266,7.980935657845228,28.355184041772155,13.690383634885881,12.272411981482453,12.796254079066857,12.020438594343547,12.54971961642319,13.195985518832469,27.56663976307605,0.41297418721748413,0.22488640342776767,0.2829915466589906,0.1830150998167092,0.2911747040014859,0.2312413018200333,0.30581634592037804,0.3161574704325487,158.02643823989575,39.03940538930365,1.6678164584485342,19.64481358049193,11.797270995595932,2.697212458688359,2.138701085858157,166.10095568033142,OK,OK,OK,OK,OK,OK,OK,OK
15255,all channels OK,4.900703674745896,5.012335961573961,1.9698340874811464,2.996415770609319,8.983168891468368,-2.005657708628006,-0.5466666666666666,12.515937731653077,28.6500491198001,13.985934992556492,12.11400972504102,11.887525472211063,11.874240703449331,12.577760253704088,13.576273069155652,28.90203339121109,0.3411177876668726,0.30306528764124946,0.2990865639753198,0.21683748119007007,0.2072425222327843,0.2330852646684995,0.2512042464590727,0.3840481819766889,156.3515982636547,13.557872305990909,3.4895112301173894,25.139405907111623,25.99479326011705,7.104422011182451,21.755602486644598,186.39976097832678,OK,OK,OK,OK,OK,OK,OK,OK
15151,all channels OK,-0.2228177641653905,4.0147850507861085,-4.032786885245901,-0.43010752688172044,4.0,1.9922630560928434,11.81653042688465,6.887372013651877,30.25476476943368,13.843717443644525,12.887027051897832,13.520560572045925,12.754883522173914,12.300568168943572,13.254477896610997,28.571974559145765,0.4346797228700683,0.26638764158403444,0.23160163209490803,0.2602667057613191,0.18748395385950234,0.27664617485815735,0.3464995670491479,0.33559210446184695,160.51293243191338,39.52541900334064,30.23204575948586,5.516034507687563,21.724677422607087,0.27100354869679516,7.473875119516354,175.085977853947,OK,OK,OK,OK,OK,OK,OK,OK
15152,all channels OK,8.221476510067115,7.524276263218536,4.028169014084507,2.987905442550852,9.010309278350515,8.0,2.9682539682539684,8.266666666666667,27.774779245065023,12.966249925606071,11.85278241667839,11.691211282983282,11.864373683686969,11.875197457180848,11.851731299760235,27.696047225710362,0.2937298299352771,0.3096170871622289,0.17482814395877022,0.17148862632474854,0.20112524564957956,0.18051538808966233,0.15859265913231305,0.29963958135191726,189.1268567281592,20.593578708719612,32.95099201271639,4.555205690821594,38.76646795989568,26.662835615794396,29.657195407364764,172.31915425725293,OK,OK,OK,OK,OK,OK,OK,OK
15153,all channels OK,9.174447174447174,-1.1419944960033936,3.01294498381877,2.4893617021276597,9.71375464684015,3.0,-2.991718426501035,4.101783840503672,27.00257843339619,13.342641249001032,12.24876827913021,11.760628104224768,11.812395323597803,12.221068175793263,13.667333893935208,27.38578331760896,0.36867392007775784,0.30251089230341643,0.28994783567436333,0.15596527511631517,0.1536192517441644,0.3113044998074156,0.2339437172366157,0.4256479329129122,131.0172068219236,6.539199609584396,2.6412318344751884,7.927766976515992,14.178916440367761,1.5080900663914083,20.047921658961005,138.8216942747826,OK,OK,OK,OK,OK,OK,OK,OK
15154,all channels OK,-1.1571428571428573,4.195023846514354,12.99748743718593,3.8421052631578947,5.042253521126761,8.99273607748184,2.998444790046656,0.007595599790466213,32.798790697141264,13.767518525550916,11.885936796337054,12.131410110832801,12.594421239693093,12.115851821572361,12.577510762325304,31.23794962674352,0.4151655902039983,0.2831190878538574,0.20621253765902173,0.30393804955926973,0.23262968078359575,0.31921595346404735,0.2310225551116694,0.43858415150132357,194.37432977739826,23.39699704825437,25.60505855879157,3.925811447764662,11.711092415222865,4.038240887406062,15.236040261053525,139.89812567250613,OK,OK,OK,OK,OK,OK,OK,OK
15155,channel 1 s-curve failed ,4.515715948777649,4.485069674850696,3.180354267310789,6.835051546391752,2.9901960784313726,3.005307735742518,5.0,7.68886462882096,29.09163017543281,28.98543628650401,13.563530993381452,12.074205494718845,11.85431269707526,12.587270047594709,12.873616786582325,28.559181085674663,0.4111959973450175,0.554172165146694,0.26362525314717655,0.3021365875429659,0.1824778833796552,0.21151496265959993,0.22845314245241377,0.4047406595177611,131.13385227901196,253.90479100312479,5.765100919633439,4.599546045890529,15.498011437019318,9.14651463369087,45.93217416720474,163.62313926768613,OK,s-curve fit failed,OK,OK,OK,OK,OK,OK
15160,channel 1 failed ,8.528443817583451,16.0,7.971153846153846,3.8344827586206898,3.98744769874477,1.47,8.318101933216168,13.031151419558359,28.76132709197178,11.958701935830554,11.864930731220767,12.260793309494689,11.745586103444998,12.492084643075414,13.01759554336572,29.7249426787611,0.3425125426881188,0.3062737993504061,0.23780670696259754,0.33009140367687545,0.1984572010424613,0.26170395528834817,0.3128370867533567,0.3734013294390898,169.48844944333857,22.466096048256983,35.6420795268209,3.1087422702507914,20.471542685600376,6.097323333013578,10.794126109913996,169.2705226574171,OK,no baseline,OK,OK,OK,OK,OK,OK
15159,all channels OK,11.773964131106988,7.388914752311365,7.0,11.942622950819672,5.0426829268292686,5.339805825242719,3.4971098265895955,2.8649789029535864,29.88879761802272,14.511844607749147,13.396518525316722,12.912497339120264,13.364444662857354,13.462503912117635,13.843899203108801,30.03122070715584,0.36718921559956835,0.3362815503820346,0.267461925047983,0.2417526277239596,0.2764398591181497,0.2572406780030635,0.18336432242578907,0.4020728096491677,158.81751427620645,3.7519816163423374,2.2650058554583765,26.31410109933652,0.5804531220072802,4.658278145410354,58.084507341791074,118.77374790221488,OK,OK,OK,OK,OK,OK,OK,OK
15158,all channels OK,-2.9642857142857144,6.46875808616697,4.563380281690141,1.076427255985267,2.991957104557641,3.970149253731343,2.488013698630137,9.012626262626263,31.09836486900032,13.930360672442553,13.108413239540228,13.254487030180227,12.355423925279057,12.015379721707259,13.84891548768599,31.19521743398235,0.37453651971436186,0.293150746888587,0.33023129771202936,0.31741334857004727,0.2807438838457305,0.3015196428699677,0.24885016506101323,0.38061578637113547,119.26147276539146,40.79637707398515,4.717830364474451,1.7905909987163577,1.6047366305676023,12.063028686749174,46.64615251209986,131.92032288631125,OK,OK,OK,OK,OK,OK,OK,OK
15253,all channels OK,4.864168618266979,9.56541468602501,7.998432601880878,5.983606557377049,6.0,12.027434842249656,3.914285714285714,14.173014145810663,30.947849082802236,13.798740479167938,12.443928625828002,12.511483903235165,12.764906799864546,12.810009879593931,12.980342878024002,30.517237756039556,0.42231197012108657,0.2504619964735984,0.261741869872743,0.2350929501472862,0.1918278214898026,0.1845455738844134,0.3067976219827009,0.37843279630938575,197.76981050753201,33.33308517290392,0.4574287265484776,1.717133374909027,29.386401134704556,27.03879946343409,20.49682134306041,183.90847956859824,OK,OK,OK,OK,OK,OK,OK,OK
15252,all channels OK,5.934181607865819,5.421907325700997,5.0,8.018264840182649,7.997252747252747,7.024193548387097,4.985401459854015,6.752695417789758,28.969315789663533,12.696986081462823,12.699300902174505,12.374719142646288,11.619088549497013,12.50302875710767,12.297579517837358,28.515907012826176,0.39000852776877465,0.19932546109652047,0.21476828549769883,0.27077223756600854,0.21276703809275302,0.2507113440367455,0.2934206522415414,0.35022279103233983,181.57058155357277,34.01458824032648,35.716312620520945,0.8977472777693613,4.7534423305664,11.544200060985144,1.3154365743942211,169.71943175556834,OK,OK,OK,OK,OK,OK,OK,OK
15251,channel 0 s-curve failed ,7.993128896806209,7.693565359782242,7.997362869198312,6.003389830508475,5.049180327868853,8.50928641251222,11.036883703424916,5.922043010752688,31.856654884184653,13.79704158954455,13.572015149252925,13.842043834211244,13.800203329712666,13.745433735157743,14.621575611640477,31.27433972609366,0.28386613768681995,0.20419502745255075,0.24234139889682846,0.22471956287049055,0.19468462918845994,0.21648740503505007,0.2553056636719299,0.36320482349625777,242.05302518566387,44.85674119237164,11.01045167234122,39.75353443371337,32.064022833863824,28.388308911893635,26.207844911308015,126.49632774420681,s-curve fit failed,OK,OK,OK,OK,OK,OK,OK
15246,all channels OK,1.0050420168067227,-1.8344808903344565,-0.9933333333333333,-2.9538369304556356,3.996309963099631,7.997552019583844,8.766423357664234,4.393639207507821,28.09041675186251,13.363008258889284,13.185048753488559,13.482630857439458,11.448258504393328,11.850542986236421,12.780170559507699,28.633550069506313,0.40112523819789564,0.2550575987741784,0.27410084639227733,0.24787355333164882,0.20861897474959362,0.15391779162213326,0.19626298719078591,0.3212777775930754,128.67603339095834,0.6745826770213865,3.0003678307119483,3.0435558641649543,0.16955861436525185,20.760189395584327,13.734709599369607,170.7732545420778,OK,OK,OK,OK,OK,OK,OK,OK
15247,all channels OK,-1.9675650982183646,3.41074237054627,5.06,4.997539975399754,4.997676579925651,2.0,5.677083333333333,9.002392344497608,27.659065999823714,12.397996859683683,11.864184312186845,11.575303374343099,11.559780852654832,12.156038880782088,12.511998419808315,28.328711417453242,0.2750207849690793,0.27804970409736385,0.11701598376853159,0.1842740880793153,0.18988966342710425,0.29139964131277996,0.25022633479821527,0.3879845168670987,154.88739985802357,0.4722598339883853,18.145998492594252,0.4953360241986566,0.6949297497946456,140.2119488161562,1.4191896118902456,125.30094822889365,OK,OK,OK,OK,OK,OK,OK,OK
15248,channel 0 s-curve failed channel 2 s-curve failed channel 4 s-curve failed ,7.937937696208645,11.454232592270616,3.5451197053406998,5.920118343195266,10.504032258064516,3.913793103448276,2.8810068649885583,1.036144578313253,16.612928994380507,19.999999996432795,12.865682547751453,20.000000002665082,12.983351613906366,19.9999999968555,12.147580161803743,20.000000004695853,9.31481217877422,1.000000003245684,0.3412663437539888,0.9999999983148715,0.32757198496479817,1.0000000055294147,0.24001187306671248,1.0000000096995194,16877470.95779004,3.745777283426164e-22,454.17537124559465,2.0043408717943737e-30,562.3048444452569,3.7274179035237205e-35,36.31356812014963,8.513798784306925e-31,s-curve fit failed,OK,s-curve fit failed,OK,s-curve fit failed,OK,OK,OK
15248,all channels OK,7.997445721583652,11.43886746148717,3.5576923076923075,6.212328767123288,10.162162162162161,5.801282051282051,3.0034843205574915,3.057661788044437,29.605107234967868,13.983245387726909,13.10760743131238,13.506310770280587,13.226853352908806,13.262432937933877,13.79322589609182,32.738534693559025,0.37755232142197687,0.2957401945392747,0.2824964551097965,0.22964059282442062,0.29607148697326086,0.27973096163018807,0.19522622049073454,0.33073517739990793,159.77426600409925,17.87463074299034,5.921739052233509,0.5246973040289294,3.4648357487670727,2.1219059642118574,32.60685731740915,174.45709684558096,OK,OK,OK,OK,OK,OK,OK,OK
15249,all channels OK,-1.016695205479452,4.208784328989027,4.0009300162752846,1.0549019607843138,-0.9759036144578314,1.0299145299145298,5.033112582781457,-2.4986945169712795,28.505988720185233,13.492445291299497,12.730875496461271,12.959615631801704,13.148832031153384,12.88015728759151,12.999596930050778,28.805166087867633,0.36486885062271485,0.24405559794585155,0.16472453724008027,0.03486295605054211,0.28503920782902,0.14919646705023448,0.2656866418957198,0.3235301917504759,125.8416642818831,10.59404336919781,6.42692953744221,14.351860035594385,4.303128737194327,25.48514786333697,14.51437798814638,153.04435768402843,OK,OK,OK,OK,OK,OK,OK,OK
15250,all channels OK,3.1829787234042555,7.9346287397462465,8.0,4.997765363128492,7.803016022620169,5.7555555555555555,4.973025048169557,5.211089494163424,28.45411828069946,12.638849235831003,12.668592869958648,12.243950388575918,12.44467532231071,12.531121953576111,12.856748177579236,28.39759534557923,0.3621981348351884,0.19233350309598746,0.18268497202433454,0.269190747096165,0.23320682556517675,0.22015312568576828,0.2216298573065926,0.38526848462495805,115.3922292397223,9.82590683741508,4.4011882198372,16.660855667751232,1.5585428787437248,0.4892744207103696,27.2904638622711,114.11228102153527,OK,OK,OK,OK,OK,OK,OK,OK
15146,all channels OK,2.9833880433701383,0.9938773551446095,6.99861581051984,8.940677966101696,2.9931856899488927,6.455609756097561,6.619047619047619,12.890251775338928,28.019034071987157,12.165308883562165,11.861650493717258,11.888277660445535,11.630897051260217,12.444371057803796,12.41551225487212,27.23527728426669,0.39526409758497344,0.3322841031806804,0.19049046742487857,0.20858133572995233,0.18716290037498073,0.25894911395092857,0.26106834992937256,0.3755918386900033,154.38701236660975,3.7215146490865734,29.603979603328742,25.86809997271692,2.3976479076203483,2.3380762270352675,1.1911795380075778,112.61500959698071,OK,OK,OK,OK,OK,OK,OK,OK
15147,all channels OK,-0.006166122597025753,-4.017312707977336,1.003062787136294,4.894736842105263,3.0,-1.9994773215633892,-1.0872586872586874,2.0921658986175116,28.22838822303206,12.465467194565221,12.578065548970049,12.41468229361322,12.424408715066857,13.667540575614169,13.574431611018195,27.890547194587928,0.37950202517430826,0.2283576023906426,0.20011205046268557,0.23694834869084744,0.21913848199149044,0.23482608293963445,0.22929948011622994,0.3632732178521467,97.38781831588454,2.91679930199327,3.9656151097656314,1.3193612540081492,0.6286717349231662,17.393994304321115,10.14733504775964,124.74301350661217,OK,OK,OK,OK,OK,OK,OK,OK
15244,all channels OK,10.345771144278608,0.015112336263623138,3.9963295269168024,-1.972913616398243,2.9719887955182074,8.913303437967116,1.0593607305936072,-0.6077027948193592,28.659439242359277,13.536726885100267,12.556940748287287,13.483268780558337,12.58681128511636,12.65585165026534,13.343599221544897,29.935153082885442,0.3445629449486416,0.22278829686647159,0.19289657103811308,0.2221052109714094,0.1922142267772335,0.1711864665076489,0.26052613234872396,0.33879662623016227,134.33641060334668,4.216776810359918,0.014577370369800157,0.07116346744924325,0.3459303851017813,1.4736773904416562,0.5863215211136454,121.79528419633895,OK,OK,OK,OK,OK,OK,OK,OK
15245,all channels OK,3.101953739052324,8.822352989961333,8.92301496744748,14.026315789473685,3.6927698363372694,3.1991857506361323,3.0664580860934296,3.330473996372727,24.1977770249796,12.76620786301621,16.059825607479,12.433916106059586,8.996544689563548,8.001383123571097,10.676127176109047,27.097055726011373,0.4347321373819079,0.20026615769965614,0.3146602837962316,0.2590913686031095,0.01844693795845627,0.0362488093791261,0.2141394712824858,0.4438410064705002,111.12213746831524,11.232610105572595,13.953914065394228,2.636498409766611,1.8936973352595218e-87,5.203921192904834e-65,9.796618765919359,122.34258483703995,OK,OK,OK,OK,OK,OK,OK,OK
15141,channel 0 s-curve  out of range channel 1 s-curve  out of range channel 2 s-curve  out of range channel 3 s-curve  out of range channel 4 s-curve  out of range channel 5 s-curve  out of range channel 6 s-curve  out of range channel 7 s-curve  out of range ,nan,0.5654333095062397,nan,nan,nan,0.5339604000322606,nan,nan,20.0,1586.4288881391285,20.0,20.0,20.0,925.2093276163682,20.0,20.0,1.0,42.83697624835596,1.0,1.0,1.0,28.01232203384584,1.0,1.0,0.0,8.381865341591936,0.0,0.0,0.0,13.63699742597473,0.0,0.0,s-curve fit out of range,s-curve fit out of range,s-curve fit out of range,s-curve fit out of range,s-curve fit out of range,s-curve fit out of range,s-curve fit out of range,s-curve fit out of range
15141,all channels OK,8.89880643487286,3.8156836400579643,3.7979334098737083,7.032040472175379,6.43859649122807,-1.0082956259426847,6.685314685314685,5.04510484235933,26.102108330869235,12.053186809049874,12.085804046563622,12.33744270628239,11.791702296522661,12.493472792119187,12.43198587847537,25.92819513122592,0.37183268071391085,0.29947717673252633,0.30852549010622127,0.27536024742452886,0.17004197429617407,0.23315326385889662,0.24895763142157623,0.33541526417969947,91.33684146856507,107.98549356757873,8.822160450741523,6.362838290381519,15.255036144582816,0.13710480124180596,0.10732128209726566,139.67701809455204,OK,OK,OK,OK,OK,OK,OK,OK
15142,all channels OK,2.983715766099186,6.048643898570235,3.005586592178771,8.137614678899082,8.9375,5.003636363636364,6.251533742331288,9.52557319223986,27.75579440238029,12.477894639136627,12.02580503110416,12.048465392664225,11.623995472603081,12.10480716913227,12.558459438315223,28.148449138850815,0.27800986428785696,0.2474004659844339,0.26065108445742574,0.27349208018030524,0.18208114601917988,0.29696351594239423,0.2183168430271326,0.3965192331269854,185.94521880715254,11.594284948006225,9.669275664702479,10.871516947876865,1.879587670368153,6.191767955486216,12.993714153066126,128.70454841039418,OK,OK,OK,OK,OK,OK,OK,OK
15143,channel 0 s-curve  out of range channel 1 s-curve  out of range channel 2 s-curve  out of range channel 3 s-curve  out of range channel 4 s-curve  out of range channel 5 s-curve  out of range channel 6 s-curve  out of range channel 7 s-curve  out of range ,nan,nan,nan,nan,nan,nan,nan,nan,20.0,20.0,20.0,20.0,20.0,20.0,20.0,20.0,1.0,1.0,1.0,1.0,1.0,1.0,1.0,1.0,0.0,0.0,0.0,0.0,0.0,0.0,0.0,0.0,s-curve fit out of range,s-curve fit out of range,s-curve fit out of range,s-curve fit out of range,s-curve fit out of range,s-curve fit out of range,s-curve fit out of range,s-curve fit out of range
15143,channel 0 s-curve failed channel 1 s-curve failed channel 2 s-curve failed channel 3 s-curve failed channel 4 s-curve failed channel 5 s-curve failed channel 6 s-curve failed channel 7 s-curve failed ,nan,nan,nan,nan,nan,nan,nan,nan,33.46139521932086,17.902821578147222,20.937195594058792,22.886904477977176,23.951807796083617,21.97837295925137,21.047600103309644,35.97780055560839,0.2972494446823481,0.03723903279656994,0.026941565626007045,0.06729355503956476,0.029155172647444837,0.028839882916080167,0.050529223003136864,0.029485303826610246,669.1215413849391,930.2510849981109,910.3066084966769,889.0558783790871,1429.019707266676,948.7254880333223,911.661471005067,1443.7633811316293,s-curve fit failed,s-curve fit failed,s-curve fit failed,s-curve fit failed,s-curve fit failed,s-curve fit failed,s-curve fit failed,s-curve fit failed
15143,all channels OK,8.308157099697885,11.222652128691545,7.000211774671749,3.99645390070922,2.013333333333333,4.9523809523809526,6.144927536231884,5.027001862197393,26.883588556490313,12.859741475095118,12.800096064739543,12.313807087562012,12.246778373430278,12.346135380013981,12.841263002822759,26.882675613639314,0.3140108150670144,0.17916100157689874,0.14390890445107596,0.24412286919585727,0.25664448995489303,0.23778218169811247,0.16475551793503218,0.3209208527514462,148.23683715139384,25.302163818711175,8.993470499663976,7.3127752627022895,3.454347173100377,41.71788121364212,20.250966701779966,133.4428340043161,OK,OK,OK,OK,OK,OK,OK,OK
15144,all channels OK,9.711293074036165,7.389037937811184,8.03209242618742,8.705882352941176,7.998825463941743,4.003880983182406,4.314285714285714,6.82956152758133,25.39433227089991,12.856291349760932,12.522993994044924,11.852221172729534,11.39475167278498,12.388197475181743,12.484238592124965,25.950364819660212,0.3252990762473896,0.2171368731982874,0.21625263600747385,0.17625987514591274,0.22395211313775035,0.26090048827140233,0.2334124107158165,0.3636929355427574,102.51757343686673,35.121785567290146,0.7233887376250665,16.605565253882972,0.26697680876006846,1.0004408296721692,0.27898075857105914,131.94009421924238,OK,OK,OK,OK,OK,OK,OK,OK
15145,all channels OK,4.136471385032171,11.949494017794189,6.995243757431629,4.4625,3.0028735632183907,14.0,8.701149425287356,14.000093205331344,26.735141384141148,12.55148966820413,11.565496202726639,11.771074451416524,11.919849066782144,11.899960610415942,11.9743001930756,26.85158203940773,0.255798553299745,0.248084481177928,0.20168852576937002,0.14763033630267122,0.10648587422447692,0.18831746974547678,0.26675114136282435,0.28242489719406394,153.94593740713535,10.105407331828006,1.034715746501305,9.735343206893083,24.07951478582201,32.222060309484206,31.838102182206864,165.43840636020101,OK,OK,OK,OK,OK,OK,OK,OK
15150,all channels OK,3.955599874042196,14.004909851493895,-0.005601194921583271,8.642857142857142,4.9763779527559056,1.5636588380716934,2.013644773358002,6.002291503346801,25.809382718598744,13.211883605870115,11.925739907414087,11.317929502513982,11.031047664858358,11.613572605095964,12.61599942323493,26.50349532953135,0.2508243366603963,0.30157315654539874,0.22758516646462648,0.25969582817481696,0.265520774640882,0.19978640852725657,0.22689105534902196,0.32681189431203655,155.11662466694077,0.8250444437993767,25.014075571330544,8.176394700626457,20.99739747590612,1.313099933806916,12.052402365227897,121.2925181739654,OK,OK,OK,OK,OK,OK,OK,OK
15149,channel 0 s-curve  out of range channel 1 s-curve  out of range channel 2 s-curve  out of range channel 3 s-curve  out of range channel 4 s-curve  out of range channel 5 s-curve  out of range channel 6 s-curve  out of range channel 7 s-curve  out of range ,nan,nan,nan,nan,nan,nan,nan,nan,20.0,20.0,20.0,20.0,20.0,20.0,20.0,20.0,1.0,1.0,1.0,1.0,1.0,1.0,1.0,1.0,0.0,0.0,0.0,0.0,0.0,0.0,0.0,0.0,s-curve fit out of range,s-curve fit out of range,s-curve fit out of range,s-curve fit out of range,s-curve fit out of range,s-curve fit out of range,s-curve fit out of range,s-curve fit out of range
15149,all channels OK,9.954701026776727,5.458287919731707,-1.3187250996015936,2.5609756097560976,-1.002257336343115,4.003184713375796,6.992975638917949,0.0052522978803226416,26.071863002770307,12.758773401375398,12.748983502378657,11.919045961961045,11.931004892983829,12.031027281238824,12.515403688980978,26.571858228094776,0.39466735244425827,0.19685237093222122,0.1771262188870167,0.21538178236256234,0.21967048049296262,0.2682854836999336,0.2542655817336677,0.2735199331594365,122.27777200933993,27.730502754378627,12.992407996266675,15.952596859323053,13.572657950158002,24.753854119284032,12.577252154261346,141.4070297877229,OK,OK,OK,OK,OK,OK,OK,OK
15148,all channels OK,5.425943704996727,6.962047662893621,-1.1325581395348838,3.9041022908897176,4.1625,6.0,4.977561348228779,2.9984813971146544,25.651946765091715,12.234874103763904,12.49160816594644,11.875776376003547,11.717829115715379,12.076784425990795,12.592573603392015,25.145179322237432,0.32231861903022707,0.28148025941377675,0.23394330295038065,0.17845186160505475,0.17219988094981717,0.30203741766713893,0.22305989233294055,0.40380371258066905,150.93498524185242,3.902262032481376,0.5621169171697036,27.745289461773297,8.959209401326227,11.399007431129153,7.3123661239544555,112.14569189345403,OK,OK,OK,OK,OK,OK,OK,OK
15243,channel 0 s-curve  out of range channel 1 s-curve  out of range channel 2 s-curve  out of range channel 3 s-curve  out of range channel 4 s-curve  out of range channel 5 s-curve  out of range channel 6 s-curve  out of range channel 7 s-curve  out of range ,nan,nan,nan,nan,nan,nan,nan,nan,20.0,20.0,20.0,20.0,20.0,20.0,20.0,20.0,1.0,1.0,1.0,1.0,1.0,1.0,1.0,1.0,0.0,0.0,0.0,0.0,0.0,0.0,0.0,0.0,s-curve fit out of range,s-curve fit out of range,s-curve fit out of range,s-curve fit out of range,s-curve fit out of range,s-curve fit out of range,s-curve fit out of range,s-curve fit out of range
15243,channel 2 s-curve failed ,3.781094527363184,6.907500530904175,6.650357547844417,-1.0,-0.0017615176151761518,-0.9955561198577958,11.484274207950687,-1.4680232558139534,27.70586087214206,12.265681642936775,15.50488266073883,12.20217949191,12.40196921783027,13.419134869346923,28.462740713432655,28.56763448861652,0.27724071447441456,0.2980372334090504,0.79582247139586,0.2750292026111892,0.2597109564472344,0.24002151154299362,0.35321977175681046,0.29471925052045306,155.80513368496543,1.5379589368506996,1022857.3078803858,8.075543887879313,0.33879817079893065,1.228298798256968,167.3368098214219,134.92659295910767,OK,OK,s-curve fit failed,OK,OK,OK,OK,OK
15242,all channels OK,5.121293800539084,4.740236229462332,4.001169590643275,2.9722222222222223,1.0017064846416381,9.010658414990544,5.003359932801344,0.9670275590551181,27.65441833043057,12.56316261770719,12.613291314230526,11.965322908283982,12.259091951046784,12.729873748869597,13.071016886069621,27.124218675160105,0.25597674052126257,0.23402898179636755,0.2014960209217041,0.24072685580524586,0.27632071281479587,0.20384095024940027,0.30553533850717607,0.3816688314750605,162.241297518878,8.475060240298596,1.448212227463741,19.62380571444934,7.847457704749293,16.66278217561896,4.814925023519803,99.89767598277248,OK,OK,OK,OK,OK,OK,OK,OK
15241,all channels OK,6.978609625668449,7.851482037617748,-1.0092326631103816,6.141414141414141,5.866666666666666,2.063973063973064,7.141414141414141,-2.0085371860121493,27.085851412412666,12.881098605219178,13.369991134242621,12.683577512878482,12.242448002759321,12.855706390875149,13.402076293977773,28.69862840854113,0.4032092881421924,0.21466572391515595,0.2578333414583423,0.1811497058545348,0.2542274486223572,0.1739194775879874,0.2518874073732032,0.3252235064627992,117.55717034813843,32.20121248051334,0.3657317426809885,2.6178602897859435,1.5213947086133897,17.17111767797766,1.5585040789488906,162.1545806978527,OK,OK,OK,OK,OK,OK,OK,OK
15236,all channels OK,10.043729481286933,6.928587807973004,9.330508474576272,4.225806451612903,3.9871559633027522,7.596881959910913,11.575079872204473,5.000763261671543,28.465067594808392,12.862557499099491,13.017332841183164,12.791323692766221,12.687377228650853,12.747440807655542,13.281638865184433,29.03030651033968,0.31338926654282745,0.20672309789647714,0.3029653695648221,0.16757956920128977,0.16718725553312636,0.16808911259793408,0.2810560765981636,0.38653541443479933,118.45744287769254,27.423940183885495,12.97495283554718,10.416226407272331,3.400776403939051,8.8758816987007,0.3484794120826734,124.88249865197656,OK,OK,OK,OK,OK,OK,OK,OK
15237,channel 0 s-curve failed channel 1 s-curve failed channel 2 s-curve failed channel 3 s-curve failed channel 4 s-curve failed channel 5 s-curve failed channel 6 s-curve failed channel 7 s-curve failed ,nan,nan,nan,nan,nan,nan,nan,nan,37.25893099239978,13.577364126879182,14.901579880923265,13.29755805084648,16.871304944754215,17.06710350463337,12.699005299170732,40.56884504372782,1.8205947688160486,0.6927834460684058,0.7779087332395556,0.7802217488490313,0.7901739181536435,0.5626019170628653,0.8326511566784717,1.4866603762213226,51441.128454778715,6866.175154502048,18059.254921516225,7015.4013530397015,5064.112238474795,1650.94026549951,19489.370465404638,43962.729760462295,s-curve fit failed,s-curve fit failed,s-curve fit failed,s-curve fit failed,s-curve fit failed,s-curve fit failed,s-curve fit failed,s-curve fit failed
15237,all channels OK,5.190789473684211,8.762983468219852,5.97490931076179,7.0,2.9828649760109665,3.0068522483940043,10.018998272884284,3.3427331887201737,28.206378691779207,12.72035936001336,12.782853599330549,12.7709374546688,12.55730391293816,12.801703813775648,13.725177400352536,28.32889048377692,0.41141497882459893,0.16568254842428679,0.16463460486954204,0.16309027542931434,0.2107107388463488,0.1536684521094584,0.25040537657106754,0.37736037717380483,114.97103993442504,17.697444444335073,23.54407313677694,17.841459174345946,1.6538484066722199,17.978934143995637,23.27182926621991,121.45615341765289,OK,OK,OK,OK,OK,OK,OK,OK
15238,all channels OK,1.738240177089098,10.726890647836,2.9938120132294888,5.095238095238095,2.9477911646586343,7.0,3.233455882352941,2.0292869269949065,27.939355990957715,12.736892688558187,12.50615726253035,12.642403284774138,12.339459071613495,12.59787996704376,13.130580359338644,27.413481182178664,0.3336856889710399,0.18403421379404206,0.21600443388864152,0.1901262913206069,0.24234445608642657,0.19812263398307936,0.31534666746555795,0.362579411139741,152.0554732889345,18.574563702947863,0.48563591891885255,2.9985920905508863,1.9198602658501749,1.2843914595783392,1.7358964500495362,119.22067562719192,OK,OK,OK,OK,OK,OK,OK,OK
15239,channel 0 s-curve  out of range channel 1 s-curve  out of range channel 2 s-curve  out of range channel 3 s-curve  out of range channel 4 s-curve  out of range channel 5 s-curve  out of range channel 6 s-curve  out of range channel 7 s-curve  out of range ,nan,nan,nan,nan,nan,nan,nan,nan,403.76474546509945,397.3911837918027,399.299587370199,399.299587370199,399.299587370199,399.299587370199,399.299587370199,399.299587370199,12.414298440198944,10.23253876981823,13.879472180768484,13.879472180768484,13.879472180768484,13.879472180768484,13.879472180768484,13.879472180768484,0.20792683130678655,0.2056564915537062,0.20513897645449763,0.20513897645449763,0.20513897645449763,0.20513897645449763,0.20513897645449763,134.8062363560905,s-curve fit out of range,s-curve fit out of range,s-curve fit out of range,s-curve fit out of range,s-curve fit out of range,s-curve fit out of range,s-curve fit out of range,s-curve fit out of range
15239,all channels OK,-1.001073998496402,3.001049655276579,4.0,5.022171503097489,-1.3958333333333333,2.0,0.8303393213572854,-1.3015384615384615,26.7964287412402,12.519617000784653,11.932897547088125,11.966012214577301,12.191787485506714,12.237629155716682,12.352059964580953,27.293676705134633,0.24419003022348545,0.22113878595385736,0.20075898430343045,0.22797517538086462,0.2459563031279566,0.25475874497881623,0.2540103138421641,0.4008531392316276,142.8627829583982,0.9932588299832624,14.61090486511304,12.097513424990137,14.978960902261676,35.32664417981066,1.2592786134826752,84.77757364727266,OK,OK,OK,OK,OK,OK,OK,OK
15240,all channels OK,1.9617198335644939,-0.7125828986006051,-0.03963963963963964,3.6666666666666665,0.9769585253456221,4.003214056138847,2.003597803446317,2.0327169274537695,25.473980563838943,12.873398199689124,12.210953379432494,11.12167607430339,11.211578608304606,11.882359902191123,12.324550008598832,26.180427527537407,0.3041259546601085,0.18563808118808775,0.2550794905694064,0.24320177116933792,0.24822063449366186,0.18626553700694207,0.24787582530517394,0.37076031482484745,89.58896603823153,27.10815906805456,29.159855837567218,7.934232837537097,20.01750427003379,8.945239721380249,0.4444196000782163,74.05051700581348,OK,OK,OK,OK,OK,OK,OK,OK
15136,channel 4 s-curve  out of range ,-0.240780047758026,3.9866988057261605,2.9335604770017034,6.895522388059701,nan,4.998137802607077,7.475108225108225,8.98079575596817,27.922335071760923,12.491513234041328,12.147102764280163,11.813854462744924,20.0,11.775010147287375,12.699250172667561,26.049642412131956,0.32585030664692594,0.24373402044419826,0.2925628482385311,0.17554191338249886,1.0,0.17050908187197514,0.19566066022545728,0.365593194380436,131.98991453636813,11.643522120701746,1.140298371799486,12.040495552399769,0.0,11.626489332481986,21.373351080785287,87.69662959228893,OK,OK,OK,OK,s-curve fit out of range,OK,OK,OK
15137,channel 0 s-curve  out of range channel 1 s-curve  out of range channel 2 s-curve  out of range channel 3 s-curve  out of range channel 4 s-curve  out of range channel 5 s-curve  out of range channel 6 s-curve  out of range channel 7 s-curve  out of range ,nan,nan,nan,nan,nan,nan,nan,nan,1465.6229855108493,1371.7179739711933,1465.6229855108493,1465.6229855108493,1465.6229855108493,1465.6229855108493,1465.6229855108493,1465.6229855108493,34.982907513432,30.541131239491005,34.982907513432,34.982907513432,34.982907513432,34.982907513432,34.982907513432,34.982907513432,0.23491484794690312,0.25600808309203726,0.23491484794690312,0.23491484794690312,0.23491484794690312,0.23491484794690312,0.23491484794690312,0.23491484794690312,s-curve fit out of range,s-curve fit out of range,s-curve fit out of range,s-curve fit out of range,s-curve fit out of range,s-curve fit out of range,s-curve fit out of range,s-curve fit out of range
15137,channel 0 s-curve  out of range channel 1 s-curve  out of range channel 2 s-curve  out of range channel 3 s-curve  out of range channel 4 s-curve  out of range channel 5 s-curve  out of range channel 6 s-curve  out of range channel 7 s-curve  out of range ,nan,nan,nan,nan,nan,nan,nan,nan,20.0,20.0,20.0,20.0,20.0,20.0,20.0,20.0,1.0,1.0,1.0,1.0,1.0,1.0,1.0,1.0,0.0,0.0,0.0,0.0,0.0,0.0,0.0,0.0,s-curve fit out of range,s-curve fit out of range,s-curve fit out of range,s-curve fit out of range,s-curve fit out of range,s-curve fit out of range,s-curve fit out of range,s-curve fit out of range
15137,all channels OK,5.994855364899418,5.517659772902822,-3.00125,3.0122324159021407,-1.0290437890974085,5.3798076923076925,-1.3246753246753247,8.926855895196507,26.485495649489135,12.697378567696298,12.789992712217797,12.121679536815476,12.599386800282524,12.323729899650628,12.856618147726953,26.33551618029637,0.37921380687814665,0.20319211377043944,0.18373646926922774,0.2637696232319536,0.19759783707100795,0.2610794522348028,0.21448408685931328,0.36221154741063255,124.98446982524305,17.718076752626175,20.2046555081125,24.70262866585397,1.3302073726459462,1.599657065270323,29.072893812357997,100.30230824758277,OK,OK,OK,OK,OK,OK,OK,OK
7206,all channels OK,2.0,6.008846676245341,4.071428571428571,2.009063444108761,10.01875,9.996862393545495,6.6419753086419755,10.497048406139315,27.772270617182844,12.58070942340869,11.885880325483642,12.29016750681995,11.810586446871573,11.529900591642267,12.211575532441108,27.483575843795343,0.3699065772800094,0.25628625308754943,0.18981737046907327,0.2855573882628355,0.1603844300328063,0.2506698038893334,0.30291222745143964,0.48573869558471167,153.18097365180046,22.39364430088094,32.855791041918266,0.5795380818617165,20.244512407682663,3.09920800306443,1.4678981408320844,118.51214683924606,OK,OK,OK,OK,OK,OK,OK,OK
